{"sprites":[{"type":"tile","x":0,"y":0},{"type":"tile","x":50,"y":0},{"type":"tile","x":0,"y":50},{"type":"tile","x":0,"y":100},{"type":"tile","x":0,"y":150},{"type":"tile","x":0,"y":200},{"type":"tile","x":0,"y":250},{"type":"tile","x":0,"y":300},{"type":"tile","x":0,"y":350},{"type":"tile","x":0,"y":400},{"type":"tile","x":0,"y":450},{"type":"tile","x":0,"y":500},{"type":"tile","x":0,"y":550},{"type":"tile","x":0,"y":600},{"type":"tile","x":0,"y":650},{"type":"tile","x":0,"y":700},{"type":"tile","x":0,"y":750},{"type":"tile","x":0,"y":800},{"type":"tile","x":0,"y":850},{"type":"tile","x":0,"y":900},{"type":"tile","x":50,"y":900},{"type":"tile","x":100,"y":900},{"type":"tile","x":150,"y":900},{"type":"tile","x":250,"y":900},{"type":"tile","x":200,"y":900},{"type":"tile","x":300,"y":900},{"type":"tile","x":350,"y":900},{"type":"tile","x":600,"y":900},{"type":"tile","x":650,"y":900},{"type":"tile","x":700,"y":900},{"type":"tile","x":750,"y":900},{"type":"tile","x":800,"y":900},{"type":"tile","x":850,"y":900},{"type":"tile","x":900,"y":900},{"type":"tile","x":950,"y":900},{"type":"tile","x":950,"y":850},{"type":"tile","x":950,"y":800},{"type":"tile","x":950,"y":750},{"type":"tile","x":950,"y":700},{"type":"tile","x":950,"y":650},{"type":"tile","x":950,"y":600},{"type":"tile","x":950,"y":550},{"type":"tile","x":950,"y":350},{"type":"tile","x":950,"y":300},{"type":"tile","x":950,"y":250},{"type":"tile","x":950,"y":200},{"type":"tile","x":950,"y":0},{"type":"tile","x":900,"y":0},{"type":"tile","x":850,"y":0},{"type":"tile","x":800,"y":0},{"type":"tile","x":750,"y":0},{"type":"tile","x":700,"y":0},{"type":"tile","x":650,"y":0},{"type":"tile","x":600,"y":0},{"type":"tile","x":100,"y":0},{"type":"tile","x":150,"y":0},{"type":"tile","x":200,"y":0},{"type":"tile","x":250,"y":0},{"type":"tile","x":300,"y":0},{"type":"tile","x":350,"y":0},{"type":"tile","x":1000,"y":900},{"type":"tile","x":1000,"y":850},{"type":"tile","x":1000,"y":750},{"type":"tile","x":1000,"y":800},{"type":"tile","x":1050,"y":900},{"type":"tile","x":1100,"y":900},{"type":"tile","x":1150,"y":900},{"type":"tile","x":1200,"y":900},{"type":"tile","x":1250,"y":900},{"type":"tile","x":1300,"y":900},{"type":"tile","x":1350,"y":900},{"type":"tile","x":1950,"y":900},{"type":"tile","x":1900,"y":900},{"type":"tile","x":1850,"y":900},{"type":"tile","x":1800,"y":900},{"type":"tile","x":1750,"y":900},{"type":"tile","x":1700,"y":900},{"type":"tile","x":1650,"y":900},{"type":"tile","x":1600,"y":900},{"type":"tile","x":1000,"y":700},{"type":"tile","x":1000,"y":650},{"type":"tile","x":1950,"y":850},{"type":"tile","x":1950,"y":800},{"type":"tile","x":1950,"y":750},{"type":"tile","x":1950,"y":700},{"type":"tile","x":1950,"y":650},{"type":"tile","x":1950,"y":600},{"type":"tile","x":1950,"y":550},{"type":"tile","x":1950,"y":0},{"type":"tile","x":1950,"y":50},{"type":"tile","x":1950,"y":100},{"type":"tile","x":1950,"y":150},{"type":"tile","x":1950,"y":200},{"type":"tile","x":1950,"y":250},{"type":"tile","x":1950,"y":300},{"type":"tile","x":1950,"y":350},{"type":"tile","x":1000,"y":600},{"type":"tile","x":1000,"y":550},{"type":"tile","x":1000,"y":400},{"type":"tile","x":1000,"y":450},{"type":"tile","x":1000,"y":500},{"type":"tile","x":1000,"y":350},{"type":"tile","x":1000,"y":300},{"type":"tile","x":1000,"y":250},{"type":"tile","x":1000,"y":200},{"type":"tile","x":1000,"y":0},{"type":"tile","x":1050,"y":0},{"type":"tile","x":1100,"y":0},{"type":"tile","x":1150,"y":0},{"type":"tile","x":1200,"y":0},{"type":"tile","x":1250,"y":0},{"type":"tile","x":1300,"y":0},{"type":"tile","x":1350,"y":0},{"type":"tile","x":1600,"y":0},{"type":"tile","x":1650,"y":0},{"type":"tile","x":1700,"y":0},{"type":"tile","x":1750,"y":0},{"type":"tile","x":1800,"y":0},{"type":"tile","x":1850,"y":0},{"type":"tile","x":1900,"y":0},{"type":"tile","x":1000,"y":1000},{"type":"tile","x":1000,"y":1200},{"type":"tile","x":1000,"y":1250},{"type":"tile","x":1000,"y":1300},{"type":"tile","x":1000,"y":1350},{"type":"tile","x":1000,"y":1900},{"type":"tile","x":1000,"y":1850},{"type":"tile","x":1000,"y":1800},{"type":"tile","x":1000,"y":1750},{"type":"tile","x":1000,"y":1550},{"type":"tile","x":1050,"y":1900},{"type":"tile","x":1100,"y":1900},{"type":"tile","x":1150,"y":1900},{"type":"tile","x":1200,"y":1900},{"type":"tile","x":1250,"y":1900},{"type":"tile","x":1300,"y":1900},{"type":"tile","x":1350,"y":1900},{"type":"tile","x":1950,"y":1900},{"type":"tile","x":1900,"y":1900},{"type":"tile","x":1850,"y":1900},{"type":"tile","x":1800,"y":1900},{"type":"tile","x":1750,"y":1900},{"type":"tile","x":1700,"y":1900},{"type":"tile","x":1650,"y":1900},{"type":"tile","x":1600,"y":1900},{"type":"tile","x":1950,"y":1850},{"type":"tile","x":1950,"y":1800},{"type":"tile","x":1950,"y":1750},{"type":"tile","x":1950,"y":1700},{"type":"tile","x":1950,"y":1650},{"type":"tile","x":1950,"y":1550},{"type":"tile","x":1950,"y":1600},{"type":"tile","x":1950,"y":1500},{"type":"tile","x":1950,"y":1400},{"type":"tile","x":1950,"y":1450},{"type":"tile","x":1950,"y":1350},{"type":"tile","x":1950,"y":1300},{"type":"tile","x":1950,"y":1250},{"type":"tile","x":1950,"y":1200},{"type":"tile","x":1950,"y":1150},{"type":"tile","x":1950,"y":1100},{"type":"tile","x":1950,"y":1050},{"type":"tile","x":1950,"y":1000},{"type":"tile","x":1900,"y":1000},{"type":"tile","x":1850,"y":1000},{"type":"tile","x":1800,"y":1000},{"type":"tile","x":1750,"y":1000},{"type":"tile","x":1700,"y":1000},{"type":"tile","x":1650,"y":1000},{"type":"tile","x":1300,"y":1000},{"type":"tile","x":1250,"y":1000},{"type":"tile","x":1150,"y":1000},{"type":"tile","x":1100,"y":1000},{"type":"tile","x":1050,"y":1000},{"type":"tile","x":1200,"y":1000},{"type":"tile","x":950,"y":1000},{"type":"tile","x":900,"y":1000},{"type":"tile","x":850,"y":1000},{"type":"tile","x":800,"y":1000},{"type":"tile","x":750,"y":1000},{"type":"tile","x":700,"y":1000},{"type":"tile","x":650,"y":1000},{"type":"tile","x":600,"y":1000},{"type":"tile","x":0,"y":1000},{"type":"tile","x":50,"y":1000},{"type":"tile","x":100,"y":1000},{"type":"tile","x":150,"y":1000},{"type":"tile","x":200,"y":1000},{"type":"tile","x":300,"y":1000},{"type":"tile","x":250,"y":1000},{"type":"tile","x":0,"y":1050},{"type":"tile","x":0,"y":1100},{"type":"tile","x":0,"y":1150},{"type":"tile","x":0,"y":1200},{"type":"tile","x":0,"y":1250},{"type":"tile","x":0,"y":1300},{"type":"tile","x":0,"y":1350},{"type":"tile","x":0,"y":1900},{"type":"tile","x":0,"y":1850},{"type":"tile","x":0,"y":1800},{"type":"tile","x":0,"y":1750},{"type":"tile","x":0,"y":1700},{"type":"tile","x":0,"y":1650},{"type":"tile","x":0,"y":1600},{"type":"tile","x":0,"y":1550},{"type":"tile","x":50,"y":1900},{"type":"tile","x":100,"y":1900},{"type":"tile","x":300,"y":1900},{"type":"tile","x":200,"y":1900},{"type":"tile","x":150,"y":1900},{"type":"tile","x":250,"y":1900},{"type":"tile","x":350,"y":1900},{"type":"tile","x":600,"y":1900},{"type":"tile","x":650,"y":1900},{"type":"tile","x":700,"y":1900},{"type":"tile","x":750,"y":1900},{"type":"tile","x":800,"y":1900},{"type":"tile","x":850,"y":1900},{"type":"tile","x":900,"y":1900},{"type":"tile","x":950,"y":1900},{"type":"tile","x":950,"y":1850},{"type":"tile","x":950,"y":1200},{"type":"tile","x":950,"y":1250},{"type":"tile","x":950,"y":1300},{"type":"tile","x":950,"y":1350},{"type":"tile","x":950,"y":1450},{"type":"tile","x":950,"y":1400},{"type":"tile","x":950,"y":1500},{"type":"tile","x":950,"y":1550},{"type":"tile","x":950,"y":1750},{"type":"tile","x":950,"y":1800},{"type":"tile","x":250,"y":250},{"type":"tile","x":250,"y":300},{"type":"tile","x":250,"y":350},{"type":"tile","x":250,"y":400},{"type":"tile","x":250,"y":450},{"type":"tile","x":250,"y":500},{"type":"tile","x":250,"y":550},{"type":"tile","x":250,"y":600},{"type":"tile","x":250,"y":650},{"type":"tile","x":300,"y":450},{"type":"tile","x":350,"y":450},{"type":"tile","x":400,"y":450},{"type":"tile","x":400,"y":400},{"type":"tile","x":400,"y":350},{"type":"tile","x":400,"y":250},{"type":"tile","x":400,"y":300},{"type":"tile","x":400,"y":500},{"type":"tile","x":400,"y":550},{"type":"tile","x":400,"y":600},{"type":"tile","x":400,"y":650},{"type":"tile","x":700,"y":650},{"type":"tile","x":700,"y":500},{"type":"tile","x":700,"y":450},{"type":"tile","x":700,"y":350},{"type":"tile","x":700,"y":400},{"type":"tile","x":700,"y":300},{"type":"tile","x":700,"y":250},{"type":"tile","x":550,"y":250},{"type":"tile","x":550,"y":300},{"type":"tile","x":550,"y":350},{"type":"tile","x":550,"y":400},{"type":"tile","x":550,"y":450},{"type":"tile","x":550,"y":500},{"type":"tile","x":550,"y":550},{"type":"tile","x":550,"y":600},{"type":"tile","x":550,"y":650},{"type":"tile","x":500,"y":250},{"type":"tile","x":600,"y":250},{"type":"tile","x":500,"y":650},{"type":"tile","x":600,"y":650},{"type":"tile","x":1250,"y":700},{"type":"tile","x":1200,"y":700},{"type":"tile","x":1150,"y":700},{"type":"tile","x":1300,"y":700},{"type":"tile","x":1350,"y":700},{"type":"tile","x":1400,"y":700},{"type":"tile","x":1450,"y":700},{"type":"tile","x":1500,"y":700},{"type":"tile","x":1550,"y":700},{"type":"tile","x":1600,"y":700},{"type":"tile","x":1650,"y":700},{"type":"tile","x":1800,"y":600},{"type":"tile","x":1800,"y":650},{"type":"tile","x":1800,"y":700},{"type":"tile","x":1800,"y":750},{"type":"tile","x":1700,"y":450},{"type":"tile","x":1650,"y":450},{"type":"tile","x":1600,"y":450},{"type":"tile","x":1550,"y":450},{"type":"tile","x":1500,"y":450},{"type":"tile","x":1450,"y":450},{"type":"tile","x":1400,"y":450},{"type":"tile","x":1350,"y":450},{"type":"tile","x":1250,"y":450},{"type":"tile","x":1300,"y":450},{"type":"tile","x":1200,"y":450},{"type":"tile","x":1150,"y":450},{"type":"tile","x":1150,"y":50},{"type":"tile","x":1150,"y":100},{"type":"tile","x":1150,"y":150},{"type":"tile","x":1150,"y":200},{"type":"tile","x":1150,"y":250},{"type":"tile","x":1200,"y":250},{"type":"tile","x":1250,"y":250},{"type":"tile","x":1300,"y":250},{"type":"tile","x":1350,"y":250},{"type":"tile","x":1400,"y":250},{"type":"tile","x":1450,"y":250},{"type":"tile","x":1500,"y":250},{"type":"tile","x":1550,"y":250},{"type":"tile","x":1600,"y":250},{"type":"tile","x":350,"y":1300},{"type":"tile","x":350,"y":1350},{"type":"tile","x":350,"y":1400},{"type":"tile","x":300,"y":1600},{"type":"tile","x":350,"y":1650},{"type":"tile","x":400,"y":1650},{"type":"tile","x":450,"y":1650},{"type":"tile","x":500,"y":1650},{"type":"tile","x":550,"y":1650},{"type":"tile","x":600,"y":1650},{"type":"tile","x":650,"y":1600},{"type":"tile","x":600,"y":1400},{"type":"tile","x":600,"y":1350},{"type":"tile","x":600,"y":1300},{"type":"tile","x":1400,"y":1400},{"type":"tile","x":1450,"y":1450},{"type":"tile","x":1500,"y":1500},{"type":"tile","x":1550,"y":1550},{"type":"tile","x":1550,"y":1400},{"type":"tile","x":1500,"y":1450},{"type":"tile","x":1450,"y":1500},{"type":"tile","x":1400,"y":1550},{"type":"tile","x":700,"y":550},{"type":"tile","x":950,"y":400},{"type":"tile","x":950,"y":450},{"type":"tile","x":950,"y":500},{"type":"tile","x":0,"y":1400},{"type":"tile","x":0,"y":1450},{"type":"tile","x":0,"y":1500},{"type":"tile","x":1000,"y":1400},{"type":"tile","x":1000,"y":1450},{"type":"tile","x":1000,"y":1500},{"type":"tile","x":1950,"y":400},{"type":"tile","x":1950,"y":450},{"type":"tile","x":1950,"y":500},{"type":"tile","x":400,"y":0},{"type":"tile","x":450,"y":0},{"type":"tile","x":500,"y":0},{"type":"tile","x":550,"y":0},{"type":"tile","x":350,"y":1000},{"type":"tile","x":400,"y":1900},{"type":"tile","x":450,"y":1900},{"type":"tile","x":550,"y":1900},{"type":"tile","x":500,"y":1900},{"type":"tile","x":1400,"y":0},{"type":"tile","x":1450,"y":0},{"type":"tile","x":1500,"y":0},{"type":"tile","x":1550,"y":0},{"type":"tile","x":1400,"y":1900},{"type":"tile","x":1450,"y":1900},{"type":"tile","x":1500,"y":1900},{"type":"tile","x":1550,"y":1900},{"type":"tile","x":1350,"y":1000},{"type":"tile","x":1600,"y":1000},{"type":"tile","x":1350,"y":850},{"type":"tile","x":1350,"y":750},{"type":"tile","x":1350,"y":800},{"type":"tile","x":1800,"y":550},{"type":"tile","x":1800,"y":500},{"type":"tile","x":1750,"y":450},{"type":"tile","x":1800,"y":450},{"type":"tile","x":1800,"y":400},{"type":"tile","x":1800,"y":350},{"type":"tile","x":1800,"y":300},{"type":"tile","x":1800,"y":250},{"type":"tile","x":1400,"y":1350},{"type":"tile","x":1350,"y":1350},{"type":"tile","x":1350,"y":1400},{"type":"tile","x":1550,"y":1350},{"type":"tile","x":1600,"y":1350},{"type":"tile","x":1600,"y":1400},{"type":"tile","x":1550,"y":1600},{"type":"tile","x":1600,"y":1600},{"type":"tile","x":1600,"y":1550},{"type":"tile","x":1350,"y":1550},{"type":"tile","x":1350,"y":1600},{"type":"tile","x":1400,"y":1600},{"type":"tile","x":1450,"y":1300},{"type":"tile","x":1500,"y":1300},{"type":"tile","x":1500,"y":1250},{"type":"tile","x":1450,"y":1250},{"type":"tile","x":1300,"y":1250},{"type":"tile","x":1250,"y":1250},{"type":"tile","x":1250,"y":1300},{"type":"tile","x":1300,"y":1300},{"type":"tile","x":1300,"y":1450},{"type":"tile","x":1250,"y":1450},{"type":"tile","x":1250,"y":1500},{"type":"tile","x":1300,"y":1500},{"type":"tile","x":1300,"y":1650},{"type":"tile","x":1250,"y":1650},{"type":"tile","x":1250,"y":1700},{"type":"tile","x":1300,"y":1700},{"type":"tile","x":1450,"y":1650},{"type":"tile","x":1500,"y":1650},{"type":"tile","x":1500,"y":1700},{"type":"tile","x":1450,"y":1700},{"type":"tile","x":1650,"y":1650},{"type":"tile","x":1650,"y":1700},{"type":"tile","x":1700,"y":1700},{"type":"tile","x":1700,"y":1650},{"type":"tile","x":1650,"y":1500},{"type":"tile","x":1700,"y":1500},{"type":"tile","x":1700,"y":1450},{"type":"tile","x":1650,"y":1450},{"type":"tile","x":1650,"y":1300},{"type":"tile","x":1700,"y":1300},{"type":"tile","x":1700,"y":1250},{"type":"tile","x":1650,"y":1250},{"type":"tile","x":1350,"y":1200},{"type":"tile","x":1400,"y":1200},{"type":"tile","x":1400,"y":1150},{"type":"tile","x":1350,"y":1150},{"type":"tile","x":1550,"y":1150},{"type":"tile","x":1550,"y":1200},{"type":"tile","x":1600,"y":1200},{"type":"tile","x":1600,"y":1150},{"type":"tile","x":1750,"y":1600},{"type":"tile","x":1800,"y":1600},{"type":"tile","x":1800,"y":1550},{"type":"tile","x":1750,"y":1550},{"type":"tile","x":1750,"y":1400},{"type":"tile","x":1800,"y":1400},{"type":"tile","x":1800,"y":1350},{"type":"tile","x":1750,"y":1350},{"type":"tile","x":1750,"y":1200},{"type":"tile","x":1800,"y":1200},{"type":"tile","x":1800,"y":1150},{"type":"tile","x":1750,"y":1150},{"type":"tile","x":1200,"y":1150},{"type":"tile","x":1150,"y":1150},{"type":"tile","x":1150,"y":1200},{"type":"tile","x":1200,"y":1200},{"type":"tile","x":1200,"y":1350},{"type":"tile","x":1150,"y":1350},{"type":"tile","x":1150,"y":1400},{"type":"tile","x":1200,"y":1400},{"type":"tile","x":1200,"y":1550},{"type":"tile","x":1150,"y":1550},{"type":"tile","x":1150,"y":1600},{"type":"tile","x":1200,"y":1600},{"type":"tile","x":3650,"y":700},{"type":"tile","x":3650,"y":700},{"type":"tile","x":3650,"y":700},{"type":"tile","x":3650,"y":700},{"type":"tile","x":3650,"y":700},{"type":"pot","x":1263,"y":201},{"type":"pot","x":1370,"y":139},{"type":"pot","x":1284,"y":96},{"type":"pot","x":1237,"y":172},{"type":"pot","x":1239,"y":794},{"type":"pot","x":1296,"y":804},{"type":"pot","x":1196,"y":839},{"type":"pot","x":1590,"y":1296},{"type":"pot","x":1682,"y":1379},{"type":"pot","x":1785,"y":1474},{"type":"pot","x":1757,"y":1457},{"type":"pot","x":1774,"y":1668},{"type":"pot","x":1242,"y":1814},{"type":"pot","x":1294,"y":1818},{"type":"pot","x":1374,"y":1822},{"type":"pot","x":1445,"y":1822},{"type":"pot","x":1590,"y":1831},{"type":"pot","x":1272,"y":1397},{"type":"pot","x":488,"y":1491}]}