{"tiles":[{"x":0,"y":0},{"x":50,"y":0},{"x":0,"y":50},{"x":0,"y":100},{"x":0,"y":150},{"x":0,"y":200},{"x":0,"y":250},{"x":0,"y":300},{"x":0,"y":350},{"x":0,"y":400},{"x":0,"y":450},{"x":0,"y":500},{"x":0,"y":550},{"x":0,"y":600},{"x":0,"y":650},{"x":0,"y":700},{"x":0,"y":750},{"x":0,"y":800},{"x":0,"y":850},{"x":0,"y":900},{"x":50,"y":900},{"x":100,"y":900},{"x":150,"y":900},{"x":250,"y":900},{"x":200,"y":900},{"x":300,"y":900},{"x":350,"y":900},{"x":600,"y":900},{"x":650,"y":900},{"x":700,"y":900},{"x":750,"y":900},{"x":800,"y":900},{"x":850,"y":900},{"x":900,"y":900},{"x":950,"y":900},{"x":950,"y":850},{"x":950,"y":800},{"x":950,"y":750},{"x":950,"y":700},{"x":950,"y":650},{"x":950,"y":600},{"x":950,"y":550},{"x":950,"y":350},{"x":950,"y":300},{"x":950,"y":250},{"x":950,"y":200},{"x":950,"y":0},{"x":900,"y":0},{"x":850,"y":0},{"x":800,"y":0},{"x":750,"y":0},{"x":700,"y":0},{"x":650,"y":0},{"x":600,"y":0},{"x":100,"y":0},{"x":150,"y":0},{"x":200,"y":0},{"x":250,"y":0},{"x":300,"y":0},{"x":350,"y":0},{"x":1000,"y":900},{"x":1000,"y":850},{"x":1000,"y":750},{"x":1000,"y":800},{"x":1050,"y":900},{"x":1100,"y":900},{"x":1150,"y":900},{"x":1200,"y":900},{"x":1250,"y":900},{"x":1300,"y":900},{"x":1350,"y":900},{"x":1950,"y":900},{"x":1900,"y":900},{"x":1850,"y":900},{"x":1800,"y":900},{"x":1750,"y":900},{"x":1700,"y":900},{"x":1650,"y":900},{"x":1600,"y":900},{"x":1000,"y":700},{"x":1000,"y":650},{"x":1950,"y":850},{"x":1950,"y":800},{"x":1950,"y":750},{"x":1950,"y":700},{"x":1950,"y":650},{"x":1950,"y":600},{"x":1950,"y":550},{"x":1950,"y":0},{"x":1950,"y":50},{"x":1950,"y":100},{"x":1950,"y":150},{"x":1950,"y":200},{"x":1950,"y":250},{"x":1950,"y":300},{"x":1950,"y":350},{"x":1000,"y":600},{"x":1000,"y":550},{"x":1000,"y":400},{"x":1000,"y":450},{"x":1000,"y":500},{"x":1000,"y":350},{"x":1000,"y":300},{"x":1000,"y":250},{"x":1000,"y":200},{"x":1000,"y":0},{"x":1050,"y":0},{"x":1100,"y":0},{"x":1150,"y":0},{"x":1200,"y":0},{"x":1250,"y":0},{"x":1300,"y":0},{"x":1350,"y":0},{"x":1600,"y":0},{"x":1650,"y":0},{"x":1700,"y":0},{"x":1750,"y":0},{"x":1800,"y":0},{"x":1850,"y":0},{"x":1900,"y":0},{"x":1000,"y":1000},{"x":1000,"y":1200},{"x":1000,"y":1250},{"x":1000,"y":1300},{"x":1000,"y":1350},{"x":1000,"y":1900},{"x":1000,"y":1850},{"x":1000,"y":1800},{"x":1000,"y":1750},{"x":1000,"y":1550},{"x":1050,"y":1900},{"x":1100,"y":1900},{"x":1150,"y":1900},{"x":1200,"y":1900},{"x":1250,"y":1900},{"x":1300,"y":1900},{"x":1350,"y":1900},{"x":1950,"y":1900},{"x":1900,"y":1900},{"x":1850,"y":1900},{"x":1800,"y":1900},{"x":1750,"y":1900},{"x":1700,"y":1900},{"x":1650,"y":1900},{"x":1600,"y":1900},{"x":1950,"y":1850},{"x":1950,"y":1800},{"x":1950,"y":1750},{"x":1950,"y":1700},{"x":1950,"y":1650},{"x":1950,"y":1550},{"x":1950,"y":1600},{"x":1950,"y":1500},{"x":1950,"y":1400},{"x":1950,"y":1450},{"x":1950,"y":1350},{"x":1950,"y":1300},{"x":1950,"y":1250},{"x":1950,"y":1200},{"x":1950,"y":1150},{"x":1950,"y":1100},{"x":1950,"y":1050},{"x":1950,"y":1000},{"x":1900,"y":1000},{"x":1850,"y":1000},{"x":1800,"y":1000},{"x":1750,"y":1000},{"x":1700,"y":1000},{"x":1650,"y":1000},{"x":1300,"y":1000},{"x":1250,"y":1000},{"x":1150,"y":1000},{"x":1100,"y":1000},{"x":1050,"y":1000},{"x":1200,"y":1000},{"x":950,"y":1000},{"x":900,"y":1000},{"x":850,"y":1000},{"x":800,"y":1000},{"x":750,"y":1000},{"x":700,"y":1000},{"x":650,"y":1000},{"x":600,"y":1000},{"x":0,"y":1000},{"x":50,"y":1000},{"x":100,"y":1000},{"x":150,"y":1000},{"x":200,"y":1000},{"x":300,"y":1000},{"x":250,"y":1000},{"x":0,"y":1050},{"x":0,"y":1100},{"x":0,"y":1150},{"x":0,"y":1200},{"x":0,"y":1250},{"x":0,"y":1300},{"x":0,"y":1350},{"x":0,"y":1900},{"x":0,"y":1850},{"x":0,"y":1800},{"x":0,"y":1750},{"x":0,"y":1700},{"x":0,"y":1650},{"x":0,"y":1600},{"x":0,"y":1550},{"x":50,"y":1900},{"x":100,"y":1900},{"x":300,"y":1900},{"x":200,"y":1900},{"x":150,"y":1900},{"x":250,"y":1900},{"x":350,"y":1900},{"x":600,"y":1900},{"x":650,"y":1900},{"x":700,"y":1900},{"x":750,"y":1900},{"x":800,"y":1900},{"x":850,"y":1900},{"x":900,"y":1900},{"x":950,"y":1900},{"x":950,"y":1850},{"x":950,"y":1200},{"x":950,"y":1250},{"x":950,"y":1300},{"x":950,"y":1350},{"x":950,"y":1450},{"x":950,"y":1400},{"x":950,"y":1500},{"x":950,"y":1550},{"x":950,"y":1750},{"x":950,"y":1800},{"x":250,"y":250},{"x":250,"y":300},{"x":250,"y":350},{"x":250,"y":400},{"x":250,"y":450},{"x":250,"y":500},{"x":250,"y":550},{"x":250,"y":600},{"x":250,"y":650},{"x":300,"y":450},{"x":350,"y":450},{"x":400,"y":450},{"x":400,"y":400},{"x":400,"y":350},{"x":400,"y":250},{"x":400,"y":300},{"x":400,"y":500},{"x":400,"y":550},{"x":400,"y":600},{"x":400,"y":650},{"x":700,"y":650},{"x":700,"y":500},{"x":700,"y":450},{"x":700,"y":350},{"x":700,"y":400},{"x":700,"y":300},{"x":700,"y":250},{"x":550,"y":250},{"x":550,"y":300},{"x":550,"y":350},{"x":550,"y":400},{"x":550,"y":450},{"x":550,"y":500},{"x":550,"y":550},{"x":550,"y":600},{"x":550,"y":650},{"x":500,"y":250},{"x":600,"y":250},{"x":500,"y":650},{"x":600,"y":650},{"x":1250,"y":700},{"x":1200,"y":700},{"x":1150,"y":700},{"x":1300,"y":700},{"x":1350,"y":700},{"x":1400,"y":700},{"x":1450,"y":700},{"x":1500,"y":700},{"x":1550,"y":700},{"x":1600,"y":700},{"x":1650,"y":700},{"x":1800,"y":600},{"x":1800,"y":650},{"x":1800,"y":700},{"x":1800,"y":750},{"x":1700,"y":450},{"x":1650,"y":450},{"x":1600,"y":450},{"x":1550,"y":450},{"x":1500,"y":450},{"x":1450,"y":450},{"x":1400,"y":450},{"x":1350,"y":450},{"x":1250,"y":450},{"x":1300,"y":450},{"x":1200,"y":450},{"x":1150,"y":450},{"x":1150,"y":50},{"x":1150,"y":100},{"x":1150,"y":150},{"x":1150,"y":200},{"x":1150,"y":250},{"x":1200,"y":250},{"x":1250,"y":250},{"x":1300,"y":250},{"x":1350,"y":250},{"x":1400,"y":250},{"x":1450,"y":250},{"x":1500,"y":250},{"x":1550,"y":250},{"x":1600,"y":250},{"x":1400,"y":1400},{"x":1450,"y":1450},{"x":1500,"y":1500},{"x":1550,"y":1550},{"x":1550,"y":1400},{"x":1500,"y":1450},{"x":1450,"y":1500},{"x":1400,"y":1550},{"x":700,"y":550},{"x":950,"y":400},{"x":950,"y":450},{"x":950,"y":500},{"x":0,"y":1400},{"x":0,"y":1450},{"x":0,"y":1500},{"x":1000,"y":1400},{"x":1000,"y":1450},{"x":1000,"y":1500},{"x":1950,"y":400},{"x":1950,"y":450},{"x":1950,"y":500},{"x":400,"y":0},{"x":450,"y":0},{"x":500,"y":0},{"x":550,"y":0},{"x":350,"y":1000},{"x":400,"y":1900},{"x":450,"y":1900},{"x":550,"y":1900},{"x":500,"y":1900},{"x":1400,"y":0},{"x":1450,"y":0},{"x":1500,"y":0},{"x":1550,"y":0},{"x":1400,"y":1900},{"x":1450,"y":1900},{"x":1500,"y":1900},{"x":1550,"y":1900},{"x":1350,"y":1000},{"x":1600,"y":1000},{"x":1350,"y":850},{"x":1350,"y":750},{"x":1350,"y":800},{"x":1800,"y":550},{"x":1800,"y":500},{"x":1750,"y":450},{"x":1800,"y":450},{"x":1800,"y":400},{"x":1800,"y":350},{"x":1800,"y":300},{"x":1800,"y":250},{"x":1400,"y":1350},{"x":1350,"y":1350},{"x":1350,"y":1400},{"x":1550,"y":1350},{"x":1600,"y":1350},{"x":1600,"y":1400},{"x":1550,"y":1600},{"x":1600,"y":1600},{"x":1600,"y":1550},{"x":1350,"y":1550},{"x":1350,"y":1600},{"x":1400,"y":1600},{"x":1450,"y":1300},{"x":1500,"y":1300},{"x":1500,"y":1250},{"x":1450,"y":1250},{"x":1300,"y":1250},{"x":1250,"y":1250},{"x":1250,"y":1300},{"x":1300,"y":1300},{"x":1300,"y":1450},{"x":1250,"y":1450},{"x":1250,"y":1500},{"x":1300,"y":1500},{"x":1300,"y":1650},{"x":1250,"y":1650},{"x":1250,"y":1700},{"x":1300,"y":1700},{"x":1450,"y":1650},{"x":1500,"y":1650},{"x":1500,"y":1700},{"x":1450,"y":1700},{"x":1650,"y":1650},{"x":1650,"y":1700},{"x":1700,"y":1700},{"x":1700,"y":1650},{"x":1650,"y":1500},{"x":1700,"y":1500},{"x":1700,"y":1450},{"x":1650,"y":1450},{"x":1650,"y":1300},{"x":1700,"y":1300},{"x":1700,"y":1250},{"x":1650,"y":1250},{"x":1350,"y":1200},{"x":1400,"y":1200},{"x":1400,"y":1150},{"x":1350,"y":1150},{"x":1550,"y":1150},{"x":1550,"y":1200},{"x":1600,"y":1200},{"x":1600,"y":1150},{"x":1750,"y":1600},{"x":1800,"y":1600},{"x":1800,"y":1550},{"x":1750,"y":1550},{"x":1750,"y":1400},{"x":1800,"y":1400},{"x":1800,"y":1350},{"x":1750,"y":1350},{"x":1750,"y":1200},{"x":1800,"y":1200},{"x":1800,"y":1150},{"x":1750,"y":1150},{"x":1200,"y":1150},{"x":1150,"y":1150},{"x":1150,"y":1200},{"x":1200,"y":1200},{"x":1200,"y":1350},{"x":1150,"y":1350},{"x":1150,"y":1400},{"x":1200,"y":1400},{"x":1200,"y":1550},{"x":1150,"y":1550},{"x":1150,"y":1600},{"x":1200,"y":1600},{"x":1650,"y":250},{"x":900,"y":1750},{"x":850,"y":1750},{"x":800,"y":1300},{"x":750,"y":1250},{"x":700,"y":1200},{"x":650,"y":1150},{"x":600,"y":1100},{"x":600,"y":1050},{"x":350,"y":1100},{"x":350,"y":1050},{"x":850,"y":1350},{"x":900,"y":1400},{"x":350,"y":1150},{"x":350,"y":1200},{"x":350,"y":1250},{"x":800,"y":1750},{"x":750,"y":1750},{"x":700,"y":1750},{"x":350,"y":1400},{"x":350,"y":1300},{"x":350,"y":1350},{"x":350,"y":1450},{"x":350,"y":1500},{"x":400,"y":1550},{"x":450,"y":1600},{"x":500,"y":1650},{"x":550,"y":1700},{"x":600,"y":1750},{"x":650,"y":1750}]}